[
  {
    "id": "8a7a7e0e-947e-4410-ad65-3b9f5f2c6af0",
    "data": [
      {
        "text": "I want to change my name on my hotel reservation.",
        "userDefined": false
      }
    ],
    "isTemplate": false,
    "count": 0,
    "updated": 0
  },
  {
    "id": "a933e52d-5fae-456a-9645-333d77646ceb",
    "data": [
      {
        "text": "I need to change my name on the booking.",
        "userDefined": false
      }
    ],
    "isTemplate": false,
    "count": 0,
    "updated": 0
  },
  {
    "id": "7aeeb137-5f64-4f58-aa60-45ab0b8a5e09",
    "data": [
      {
        "text": "Can I change my name on my reservation?",
        "userDefined": false
      }
    ],
    "isTemplate": false,
    "count": 0,
    "updated": 0
  },
  {
    "id": "d9eceaaf-6e8d-4b94-b6e0-ee5380bdf4d4",
    "data": [
      {
        "text": "I want to change my name on my itinerary.",
        "userDefined": false
      }
    ],
    "isTemplate": false,
    "count": 0,
    "updated": 0
  }
]