[
  {
    "id": "71e519d5-8133-48b7-baf4-cf6789ded6b9",
    "data": [
      {
        "text": "Lil Baby",
        "meta": "@sys.any",
        "alias": "any",
        "userDefined": true
      }
    ],
    "isTemplate": false,
    "count": 0,
    "lang": "en",
    "updated": 0
  },
  {
    "id": "7137574b-5ba4-4467-8c3d-d3bc7c80edd3",
    "data": [
      {
        "text": "Dua Lipa",
        "meta": "@sys.any",
        "alias": "any",
        "userDefined": true
      }
    ],
    "isTemplate": false,
    "count": 0,
    "lang": "en",
    "updated": 0
  },
  {
    "id": "2a2870e7-677c-4ecb-beef-0ccb38e6ea69",
    "data": [
      {
        "text": "Kanye West",
        "meta": "@sys.any",
        "alias": "any",
        "userDefined": true
      }
    ],
    "isTemplate": false,
    "count": 0,
    "lang": "en",
    "updated": 0
  }
]