[
  {
    "id": "1e2161f9-3b8f-4580-9b96-671994d340f2",
    "data": [
      {
        "text": "I want to change my name on my itinerary.",
        "userDefined": false
      }
    ],
    "isTemplate": false,
    "count": 0,
    "updated": 0
  },
  {
    "id": "ce198aea-3328-46c2-a3a1-7502f53547f9",
    "data": [
      {
        "text": "Can I change my name on my reservation?",
        "userDefined": false
      }
    ],
    "isTemplate": false,
    "count": 0,
    "updated": 0
  },
  {
    "id": "7b828208-d105-4127-b7cf-2677edfd4a4f",
    "data": [
      {
        "text": "I need to change my name on the booking.",
        "userDefined": false
      }
    ],
    "isTemplate": false,
    "count": 0,
    "updated": 0
  },
  {
    "id": "89ac2917-2389-47b3-af05-1d513eb0898c",
    "data": [
      {
        "text": "I want to change my name on my hotel reservation.",
        "userDefined": false
      }
    ],
    "isTemplate": false,
    "count": 0,
    "updated": 0
  }
]