[
  {
    "id": "04343af2-df9f-4165-b8f8-681e4cedbb48",
    "data": [
      {
        "text": "sam",
        "alias": "given-name",
        "meta": "@sys.given-name",
        "userDefined": true
      }
    ],
    "isTemplate": false,
    "count": 0,
    "updated": 0
  },
  {
    "id": "02f0f083-9363-427c-a83b-8aa6a4a145ca",
    "data": [
      {
        "text": "john",
        "alias": "given-name",
        "meta": "@sys.given-name",
        "userDefined": true
      }
    ],
    "isTemplate": false,
    "count": 0,
    "updated": 0
  },
  {
    "id": "c0ca6a28-64a8-40d7-af11-eff9c87da230",
    "data": [
      {
        "text": "mary",
        "alias": "given-name",
        "meta": "@sys.given-name",
        "userDefined": true
      }
    ],
    "isTemplate": false,
    "count": 0,
    "updated": 0
  }
]