[
  {
    "id": "f1f2b430-4b4d-46c8-9b22-d73c4b9efd36",
    "data": [
      {
        "text": "345 Spear Street",
        "meta": "@sys.location",
        "alias": "location",
        "userDefined": true
      }
    ],
    "isTemplate": false,
    "count": 0,
    "lang": "en",
    "updated": 0
  },
  {
    "id": "b3f32e76-a1e2-4766-9734-67ea91a7fbee",
    "data": [
      {
        "text": "1600 Amphitheatre Parkway, Mountain View",
        "meta": "@sys.location",
        "alias": "location",
        "userDefined": true
      }
    ],
    "isTemplate": false,
    "count": 0,
    "lang": "en",
    "updated": 0
  },
  {
    "id": "ab307f80-b4b4-48f0-8a86-7b0b4ff6ee1f",
    "data": [
      {
        "text": "20 W 34th St, New York, NY 10001",
        "meta": "@sys.location",
        "alias": "location",
        "userDefined": true
      }
    ],
    "isTemplate": false,
    "count": 0,
    "lang": "en",
    "updated": 0
  }
]