[
  {
    "id": "b58e4342-76f5-402e-98b0-f48221c30663",
    "data": [
      {
        "text": "My name is ",
        "userDefined": false
      },
      {
        "text": "Lily",
        "meta": "@sys.person",
        "alias": "person",
        "userDefined": false
      }
    ],
    "isTemplate": false,
    "count": 0,
    "lang": "en",
    "updated": 0
  },
  {
    "id": "de781e8b-1259-4187-b4f2-288b664f157b",
    "data": [
      {
        "text": "I am ",
        "userDefined": false
      },
      {
        "text": "bob",
        "meta": "@sys.person",
        "alias": "person",
        "userDefined": false
      }
    ],
    "isTemplate": false,
    "count": 0,
    "lang": "en",
    "updated": 0
  }
]