[
  {
    "id": "a56bd822-1653-43e4-b67a-0ac5b02216f7",
    "data": [
      {
        "text": "My phone screen is broken",
        "userDefined": false
      }
    ],
    "isTemplate": false,
    "count": 0,
    "lang": "en",
    "updated": 0
  },
  {
    "id": "d856f3ee-cbf5-48c6-9bd7-13bf5811cff4",
    "data": [
      {
        "text": "Nothing works",
        "userDefined": false
      }
    ],
    "isTemplate": false,
    "count": 0,
    "lang": "en",
    "updated": 0
  },
  {
    "id": "61dff665-fb2c-477e-8d0e-88ee3da5c295",
    "data": [
      {
        "text": "My laptop won\u0027t start",
        "userDefined": false
      }
    ],
    "isTemplate": false,
    "count": 0,
    "lang": "en",
    "updated": 0
  },
  {
    "id": "2fe30769-dcdc-40af-8cd1-e59a2eb6cbc5",
    "data": [
      {
        "text": "Everything is hosed",
        "userDefined": false
      }
    ],
    "isTemplate": false,
    "count": 0,
    "lang": "en",
    "updated": 0
  }
]